stop,total_boardings,commute_boardings,noncommute_boardings,weekday_boardings,weekend_boardings,hourly_am_peak,hourly_evening,hourly_midday,hourly_overnight,hourly_pm_peak,residents_15m,workers_15m,population_15m,hh_income,commute_share,weekend_share,peak_hourly,midday_hourly,peak_to_midday_ratio
Astoria,219947,92475,127472,147234,72713,17936,3813.5,14855,0,14606.333333333334,34071,17246,65720,3106952200,0.42044219743847383,0.33059327929001076,17936,14855,1.207404914170313
Atlantic Ave/BBP Pier 6,104237,34280,69957,65558,38679,5281,2450.75,8008.5,NA,8419.666666666666,33318,183280,64407,6952706100,0.3288659497107553,0.3710678549843146,8419.666666666666,8008.5,1.051341283219912
Battery Park City/Vesey St.,97374,37851,59523,71697,25677,1641.5,3620.75,5921,NA,13599.666666666666,NA,NA,NA,NA,0.38871772752480127,0.2636946207406495,13599.666666666666,5921,2.296853009063784
Bay Ridge,94444,21695,72749,53400,41044,3131.5,1999,8754,0,7132.666666666667,12234,12966,27757,1067689100,0.22971284570750922,0.4345855745203507,7132.666666666667,8754,0.8147894295940904
Brooklyn Navy Yard,115462,59086,56376,91042,24420,7752,2749.5,6357.333333333333,NA,11770.666666666666,14868,11546,40858,1296934400,0.5117354627496492,0.2114981552372209,11770.666666666666,6357.333333333333,1.851510067114094
Corlears Hook,33060,8308,24752,17819,15241,1154.25,877.75,2731.3333333333335,NA,2848,17345,8763,45459,1280968200,0.2513006654567453,0.46101028433151847,2848,2731.3333333333335,1.0427141811081277
Dumbo/BBP Pier 1,0,0,0,0,0,NA,NA,NA,0,NA,NA,NA,NA,NA,NA,NA,NA,NA,NA
Dumbo/Fulton Ferry,568965,140806,428159,339248,229717,8342.25,24651,42791.333333333336,0,60081.333333333336,NA,NA,NA,NA,0.2474774371007004,0.4037453973443006,60081.333333333336,42791.333333333336,1.404053780360509
East 34th Street,777838,294021,483817,560509,217329,17647,29424,49626.166666666664,96.28571428571428,97041,NA,NA,NA,NA,0.3779977321755944,0.2794013663513482,97041,49626.166666666664,1.955440174370376
East 90th St,320764,111469,209295,203888,116876,12868.5,8988,22626.333333333332,62.57142857142857,32380.666666666668,NA,NA,NA,NA,0.34751094262448406,0.3643675724208452,32380.666666666668,22626.333333333332,1.4311053492243553
Ferry Point Park,78838,34937,43901,55740,23098,7186.25,1211.75,4642.333333333333,622.4285714285714,4345,NA,NA,NA,NA,0.4431492427509577,0.29298054237804105,7186.25,4642.333333333333,1.54798233646873
Gov. Island/Yankee Pier,80925,15481,65444,39097,41828,154.5,NA,7343,0,12083,NA,NA,NA,NA,0.19130058696323757,0.5168736484399135,12083,7343,1.645512733215307
Governors Island,0,0,0,0,0,NA,NA,NA,0,NA,NA,NA,NA,NA,NA,NA,NA,NA,NA
Greenpoint,14606,7693,6913,11683,2923,1623.25,187.75,909.6666666666666,NA,634.6666666666666,12110,41902,23882,1475485600,0.5267013556072847,0.20012323702587978,1623.25,909.6666666666666,1.7844448515939906
Hunters Point South,240975,82766,158209,153959,87016,14275.25,6229.75,17556,0,17873,NA,NA,NA,NA,0.34346301483556385,0.3610996991389148,17873,17556,1.01805650489861
Long Island City,222747,84233,138514,145895,76852,16224,6679.5,14187.5,0,15336,17506,27727,27029,2392861200,0.3781554858202355,0.34501923707165527,16224,14187.5,1.1435418502202643
Long Island City,222747,84233,138514,145895,76852,16224,6679.5,14187.5,0,15336,17365,52172,29901,2410131500,0.3781554858202355,0.34501923707165527,16224,14187.5,1.1435418502202643
Midtown West,129612,49406,80206,92323,37289,3547.5,5386.5,7436,NA,16420,22958,82153,39484,3536394100,0.38118384100237634,0.2876971268092461,16420,7436,2.2081764389456695
North Williamsburg,421370,154726,266644,273142,148228,27472,11260,28852.166666666668,0,31109.666666666668,37442,30378,80302,5916945100,0.36719747490329163,0.35177634857725987,31109.666666666668,28852.166666666668,1.0782436905373947
Red Hook/Atlantic Basin,85435,26932,58503,52775,32660,4843.5,2334.75,6238,0,6431.333333333333,NA,NA,NA,NA,0.315233803476327,0.3822789254989173,6431.333333333333,6238,1.0309928395853372
Rockaway,306923,99015,207908,180337,126586,15605.5,9615,18131.666666666668,812.8571428571429,30520.333333333332,7482,4302,22998,641787900,0.3226053440113644,0.4124356923397725,30520.333333333332,18131.666666666668,1.6832613291662835
Roosevelt Island,166905,52849,114056,103690,63215,8316.25,4431.5,12334.333333333334,0,13969.333333333334,13142,28829,32546,3234856700,0.3166412030795962,0.3787483898025823,13969.333333333334,12334.333333333334,1.1325568197173201
Soundview,169385,81897,87488,129129,40256,17972.25,1959,9014.5,1711.7142857142858,7863.666666666667,NA,NA,NA,NA,0.48349617734746286,0.23765976916492015,17972.25,9014.5,1.9937045870541905
South Williamsburg,173089,62531,110558,123477,49612,10594,3931.75,13059.333333333334,0,12210,31292,42418,82717,3553238900,0.36126501395235977,0.2866271109082611,12210,13059.333333333334,0.9349634999234264
St. George,171981,71321,100660,122613,49368,13850,4157,11145,NA,11027.666666666666,NA,NA,NA,NA,0.4147027869357662,0.28705496537408204,13850,11145,1.2427097353073127
Stuyvesant Cove,71650,30154,41496,50083,21567,4438.5,1512.25,4952.166666666667,42.857142857142854,5944.666666666667,43223,86401,99611,7486634200,0.4208513607815771,0.3010048848569435,5944.666666666667,4952.166666666667,1.2004173257496717
Sunset Park/BAT,128089,44811,83278,87649,40440,6545.5,2059.25,10444.5,118.14285714285714,10058.666666666666,NA,NA,NA,NA,0.34984268750634323,0.3157179773438781,10058.666666666666,10444.5,0.9630587071345365
Wall St/Pier 11,1297026,410346,886680,815005,482021,20816.75,48885.25,88079.66666666667,19.571428571428573,163201,NA,NA,NA,NA,0.31637453682501354,0.37163557245575646,163201,88079.66666666667,1.8528794008454466
